date,CAQ_mean,CAQ_std,PQ_mean,PQ_std,PLQ_mean,PLQ_std,QS_mean,QS_std,PCQ_mean,PCQ_std,OTH_mean,OTH_std
2026-06-24,20.44,2.1,29.55,1.84,26.93,2.12,9.21,1.58,13.02,1.0,1.48,0.51
2026-06-25,20.44,2.1,29.55,1.84,26.93,2.12,9.21,1.58,13.02,1.0,1.48,0.51
2026-06-26,20.44,2.1,29.55,1.84,26.93,2.12,9.21,1.58,13.02,1.0,1.48,0.51
2026-06-27,20.44,2.1,29.55,1.84,26.93,2.12,9.21,1.58,13.02,1.0,1.48,0.51
2026-06-28,20.44,2.1,29.55,1.84,26.93,2.12,9.21,1.58,13.02,1.0,1.48,0.51
2026-06-29,20.44,2.1,29.55,1.84,26.93,2.12,9.21,1.58,13.02,1.0,1.48,0.51
2026-06-30,20.44,2.1,29.55,1.84,26.93,2.12,9.21,1.58,13.02,1.0,1.48,0.51
2026-07-01,20.44,2.1,29.55,1.84,26.93,2.12,9.21,1.58,13.02,1.0,1.48,0.51
2026-07-02,20.44,2.1,29.55,1.84,26.93,2.12,9.21,1.58,13.02,1.0,1.48,0.51
2026-07-03,20.44,2.1,29.55,1.84,26.93,2.12,9.21,1.58,13.02,1.0,1.48,0.51
2026-07-04,20.44,2.1,29.55,1.84,26.93,2.12,9.21,1.58,13.02,1.0,1.48,0.51
2026-07-05,20.44,2.1,29.55,1.84,26.93,2.12,9.21,1.58,13.02,1.0,1.48,0.51
2026-07-06,20.44,2.1,29.55,1.84,26.93,2.12,9.21,1.58,13.02,1.0,1.48,0.51
2026-07-07,20.44,2.1,29.55,1.84,26.93,2.12,9.21,1.58,13.02,1.0,1.48,0.51
2026-07-08,20.44,2.1,29.55,1.84,26.93,2.12,9.21,1.58,13.02,1.0,1.48,0.51
2026-07-09,20.44,2.1,29.55,1.84,26.93,2.12,9.21,1.58,13.02,1.0,1.48,0.51
2026-07-10,20.44,2.1,29.55,1.84,26.93,2.12,9.21,1.58,13.02,1.0,1.48,0.51
2026-07-11,20.44,2.1,29.55,1.84,26.93,2.12,9.21,1.58,13.02,1.0,1.48,0.51
2026-07-12,20.44,2.1,29.55,1.84,26.93,2.12,9.21,1.58,13.02,1.0,1.48,0.51
2026-07-13,20.44,2.1,29.55,1.84,26.93,2.12,9.21,1.58,13.02,1.0,1.48,0.51
2026-07-14,20.44,2.1,29.55,1.84,26.93,2.12,9.21,1.58,13.02,1.0,1.48,0.51
2026-07-15,20.44,2.1,29.55,1.84,26.93,2.12,9.21,1.58,13.02,1.0,1.48,0.51
2026-07-16,20.44,2.1,29.55,1.84,26.93,2.12,9.21,1.58,13.02,1.0,1.48,0.51
2026-07-17,20.44,2.1,29.55,1.84,26.93,2.12,9.21,1.58,13.02,1.0,1.48,0.51
2026-07-18,20.44,2.1,29.55,1.84,26.93,2.12,9.21,1.58,13.02,1.0,1.48,0.51
2026-07-19,20.44,2.1,29.55,1.84,26.93,2.12,9.21,1.58,13.02,1.0,1.48,0.51
2026-07-20,20.44,2.1,29.55,1.84,26.93,2.12,9.21,1.58,13.02,1.0,1.48,0.51
2026-07-21,20.44,2.1,29.55,1.84,26.93,2.12,9.21,1.58,13.02,1.0,1.48,0.51
2026-07-22,20.44,2.1,29.55,1.84,26.93,2.12,9.21,1.58,13.02,1.0,1.48,0.51
2026-07-23,20.44,2.1,29.55,1.84,26.93,2.12,9.21,1.58,13.02,1.0,1.48,0.51
2026-07-24,20.44,2.1,29.55,1.84,26.93,2.12,9.21,1.58,13.02,1.0,1.48,0.51
2026-07-25,20.44,2.1,29.55,1.84,26.93,2.12,9.21,1.58,13.02,1.0,1.48,0.51
2026-07-26,20.44,2.1,29.55,1.84,26.93,2.12,9.21,1.58,13.02,1.0,1.48,0.51
2026-07-27,20.44,2.1,29.55,1.84,26.93,2.12,9.21,1.58,13.02,1.0,1.48,0.51
2026-07-28,20.44,2.1,29.55,1.84,26.93,2.12,9.21,1.58,13.02,1.0,1.48,0.51
2026-07-29,20.44,2.1,29.55,1.84,26.93,2.12,9.21,1.58,13.02,1.0,1.48,0.51
2026-07-30,20.44,2.1,29.55,1.84,26.93,2.12,9.21,1.58,13.02,1.0,1.48,0.51
2026-07-31,20.44,2.1,29.55,1.84,26.93,2.12,9.21,1.58,13.02,1.0,1.48,0.51
2026-08-01,20.44,2.1,29.55,1.84,26.93,2.12,9.21,1.58,13.02,1.0,1.48,0.51
2026-08-02,19.35,1.2,30.65,1.1,26.98,1.05,9.05,0.78,13.76,0.65,1.48,0.51
2026-08-03,19.35,1.2,30.65,1.1,26.98,1.05,9.05,0.78,13.76,0.65,1.48,0.51
2026-08-04,19.35,1.2,30.65,1.1,26.98,1.05,9.05,0.78,13.76,0.65,1.48,0.51
2026-08-05,19.35,1.2,30.65,1.1,26.98,1.05,9.05,0.78,13.76,0.65,1.48,0.51
2026-08-06,19.35,1.2,30.65,1.1,26.98,1.05,9.05,0.78,13.76,0.65,1.48,0.51
2026-08-07,19.35,1.2,30.65,1.1,26.98,1.05,9.05,0.78,13.76,0.65,1.48,0.51
2026-08-08,19.35,1.2,30.65,1.1,26.98,1.05,9.05,0.78,13.76,0.65,1.48,0.51
2026-08-09,19.7,0.88,30.3,0.81,25.37,1.65,10.11,1.11,13.35,0.58,1.93,0.26
2026-08-10,19.8,0.74,30.2,0.69,25.57,1.39,9.75,1.05,13.87,0.91,1.93,0.26
2026-08-11,19.8,0.74,30.2,0.69,25.57,1.39,9.75,1.05,13.87,0.91,1.93,0.26
2026-08-12,19.8,0.74,30.2,0.69,25.57,1.39,9.75,1.05,13.87,0.91,1.93,0.26
2026-08-13,19.8,0.74,30.2,0.69,25.57,1.39,9.75,1.05,13.87,0.91,1.93,0.26
2026-08-14,19.8,0.74,30.2,0.69,25.57,1.39,9.75,1.05,13.87,0.91,1.93,0.26
2026-08-15,19.8,0.74,30.2,0.69,25.57,1.39,9.75,1.05,13.87,0.91,1.93,0.26
2026-08-16,19.8,0.74,30.2,0.69,25.57,1.39,9.75,1.05,13.87,0.91,1.93,0.26
2026-08-17,19.8,0.74,30.2,0.69,25.57,1.39,9.75,1.05,13.87,0.91,1.93,0.26
2026-08-18,19.8,0.74,30.2,0.69,25.57,1.39,9.75,1.05,13.87,0.91,1.93,0.26
2026-08-19,19.8,0.74,30.2,0.69,25.57,1.39,9.75,1.05,13.87,0.91,1.93,0.26
2026-08-20,19.8,0.74,30.2,0.69,25.57,1.39,9.75,1.05,13.87,0.91,1.93,0.26
2026-08-21,19.8,0.74,30.2,0.69,25.57,1.39,9.75,1.05,13.87,0.91,1.93,0.26
2026-08-22,19.8,0.74,30.2,0.69,25.57,1.39,9.75,1.05,13.87,0.91,1.93,0.26
2026-08-23,19.8,0.74,30.2,0.69,25.57,1.39,9.75,1.05,13.87,0.91,1.93,0.26
2026-08-24,21.2,1.68,30.11,0.52,24.44,1.65,8.55,1.58,14.81,1.25,1.33,0.47
2026-08-25,21.2,1.68,30.11,0.52,24.44,1.65,8.55,1.58,14.81,1.25,1.33,0.47
2026-08-26,22.85,2.98,29.51,1.05,23.18,2.44,8.96,1.49,14.58,1.12,1.21,0.41
2026-08-27,22.85,2.98,29.51,1.05,23.18,2.44,8.96,1.49,14.58,1.12,1.21,0.41
2026-08-28,22.85,2.98,29.51,1.05,23.18,2.44,8.96,1.49,14.58,1.12,1.21,0.41
2026-08-29,23.16,2.6,29.38,0.93,22.86,2.15,8.97,1.27,14.96,1.15,1.21,0.41
2026-08-30,23.16,2.6,29.38,0.93,22.86,2.15,8.97,1.27,14.96,1.15,1.21,0.41
2026-08-31,23.37,2.28,29.28,0.82,22.65,1.9,9.22,1.19,14.97,1.0,1.21,0.41
2026-09-01,23.37,2.28,29.28,0.82,22.65,1.9,9.22,1.19,14.97,1.0,1.21,0.41
2026-09-02,23.37,2.28,29.28,0.82,22.65,1.9,9.22,1.19,14.97,1.0,1.21,0.41
2026-09-03,23.37,2.28,29.28,0.82,22.65,1.9,9.22,1.19,14.97,1.0,1.21,0.41
2026-09-04,23.37,2.28,29.28,0.82,22.65,1.9,9.22,1.19,14.97,1.0,1.21,0.41
2026-09-05,23.51,2.03,29.22,0.73,22.06,2.01,9.62,1.28,14.98,0.88,1.12,0.33
2026-09-06,23.4,1.82,29.17,0.66,22.05,1.79,9.7,1.15,14.98,0.78,1.08,0.28
2026-09-07,23.4,1.82,29.17,0.66,22.05,1.79,9.7,1.15,14.98,0.78,1.08,0.28
2026-09-08,23.4,1.82,29.17,0.66,22.05,1.79,9.7,1.15,14.98,0.78,1.08,0.28
2026-09-09,23.4,1.82,29.17,0.66,22.05,1.79,9.7,1.15,14.98,0.78,1.08,0.28
2026-09-10,23.4,1.82,29.17,0.66,22.05,1.79,9.7,1.15,14.98,0.78,1.08,0.28
2026-09-11,23.4,1.82,29.17,0.66,22.05,1.79,9.7,1.15,14.98,0.78,1.08,0.28
2026-09-12,23.43,1.53,28.62,1.0,22.2,1.52,10.12,1.13,15.0,0.86,1.06,0.24
2026-09-13,23.6,2.17,28.07,1.7,22.26,1.26,9.84,1.13,15.6,1.1,1.23,0.42
2026-09-14,23.4,2.09,28.06,1.59,22.48,1.31,9.74,1.09,15.65,1.04,1.19,0.39
2026-09-15,23.4,2.09,28.06,1.59,22.48,1.31,9.74,1.09,15.65,1.04,1.19,0.39
2026-09-16,23.4,2.09,28.06,1.59,22.48,1.31,9.74,1.09,15.65,1.04,1.19,0.39
2026-09-17,23.4,2.09,28.06,1.59,22.48,1.31,9.74,1.09,15.65,1.04,1.19,0.39
2026-09-18,23.4,2.09,28.06,1.59,22.48,1.31,9.74,1.09,15.65,1.04,1.19,0.39
2026-09-19,23.4,2.09,28.06,1.59,22.48,1.31,9.74,1.09,15.65,1.04,1.19,0.39
2026-09-20,23.4,2.09,28.06,1.59,22.48,1.31,9.74,1.09,15.65,1.04,1.19,0.39
2026-09-21,23.4,2.09,28.06,1.59,22.48,1.31,9.74,1.09,15.65,1.04,1.19,0.39
