date,firm,CAQ,PQ,PLQ,QS,PCQ,OTH,sample_size
2026-09-27,Synopsis,17.0,30.0,22.0,13.0,17.0,1.0,
2026-09-21,Leger,20.0,29.0,23.0,10.0,17.0,1.0,
2026-09-19,Pallas,22.0,28.0,22.0,11.0,16.0,1.0,
2026-09-17,Segma,22.0,29.0,19.0,12.0,18.0,,
2026-09-14,Nanos,22.0,28.0,24.0,9.0,16.0,1.0,
2026-09-13,Leger,21.0,29.0,23.0,10.0,17.0,,
2026-09-13,Mainstreet,28.0,24.0,22.0,8.0,17.0,2.0,
2026-09-13,Research Co,23.0,28.0,22.0,10.0,16.0,1.0,
2026-09-12,Synopsis,24.0,28.0,22.0,11.0,14.0,1.0,
2026-09-12,Pallas,23.0,27.0,23.0,11.0,16.0,,
2026-09-06,Leger,23.0,29.0,22.0,10.0,15.0,1.0,
2026-09-05,Pallas,24.0,29.0,20.0,11.0,15.0,1.0,
2026-08-31,Leger,24.0,29.0,22.0,10.0,15.0,,
2026-08-29,Pallas,24.0,29.0,22.0,9.0,16.0,,
2026-08-26,Synopsis,27.0,28.0,20.0,10.0,14.0,1.0,
2026-08-24,Leger,23.0,30.0,23.0,7.0,16.0,1.0,
2026-08-10,Synopsis,20.0,30.0,26.0,9.0,15.0,,
2026-08-09,Leger,20.0,30.0,24.0,11.0,13.0,2.0,
2026-08-02,Pallas,19.0,31.0,27.0,9.0,14.0,,
2026-06-14,Leger,21.0,30.0,27.0,8.0,13.0,2.0,
2026-06-12,Pallas,20.0,29.0,25.0,11.0,14.0,1.0,
2026-06-07,Synopsis,21.0,31.0,25.0,11.0,12.0,,
2026-05-18,Leger,22.0,30.0,28.0,8.0,11.0,1.0,
2026-05-15,Mainstreet,25.0,23.0,31.0,7.0,14.0,1.0,
2026-05-09,Synopsis,18.0,30.0,30.0,8.0,13.0,1.0,
2026-05-08,Pallas,19.0,29.0,28.0,8.0,14.0,2.0,
2026-04-27,Liaison,16.0,32.0,32.0,7.0,11.0,2.0,
2026-04-20,Leger,17.0,31.0,28.0,8.0,14.0,2.0,
2026-04-14,Pallas,14.0,29.0,32.0,11.0,14.0,,
2026-04-06,Leger,13.0,32.0,33.0,8.0,12.0,2.0,
2026-03-22,Leger,9.0,33.0,33.0,9.0,15.0,1.0,
2026-03-02,Leger,13.0,31.0,30.0,9.0,15.0,2.0,
2026-02-22,Pallas,14.0,30.0,27.0,10.0,16.0,3.0,
2026-02-01,Innovative,14.0,31.0,26.0,6.0,18.0,5.0,
2026-01-29,Leger,17.0,32.0,26.0,7.0,14.0,3.0,
2026-01-10,Pallas,11.0,34.0,24.0,11.0,16.0,4.0,
2025-12-15,Leger,19.0,35.0,20.0,9.0,16.0,1.0,
2025-12-01,Leger,18.0,39.0,21.0,8.0,13.0,1.0,
2025-12-01,Angus Reid,13.0,40.0,18.0,10.0,16.0,2.0,
2025-11-25,Pallas,13.0,36.0,25.0,9.0,15.0,2.0,
2025-11-10,Leger,17.0,32.0,27.0,8.0,14.0,2.0,
2025-10-19,Pallas,13.0,33.0,26.0,10.0,14.0,4.0,
2025-09-15,Leger,16.0,38.0,27.0,7.0,11.0,1.0,
2025-09-06,Pallas,11.0,38.0,27.0,8.0,15.0,1.0,
2025-09-05,Angus Reid,12.0,38.0,21.0,11.0,16.0,3.0,
2025-08-18,Leger,17.0,35.0,26.0,9.0,10.0,3.0,
2025-06-24,Mainstreet,16.0,31.0,29.0,8.0,14.0,2.0,
2025-06-22,Leger,17.0,30.0,28.0,9.0,14.0,2.0,
2025-06-16,Pallas,15.0,31.0,26.0,12.0,14.0,2.0,
2025-05-10,Leger,20.0,33.0,21.0,10.0,13.0,3.0,
2025-03-10,Leger,24.0,30.0,19.0,12.0,12.0,3.0,
2025-03-01,Pallas,20.0,32.0,22.0,10.0,15.0,1.0,
2025-02-02,Leger,21.0,30.0,21.0,10.0,14.0,4.0,
2025-01-27,Pollara,21.0,35.0,16.0,14.0,13.0,1.0,
2025-01-19,Leger,25.0,34.0,15.0,12.0,11.0,3.0,
2024-11-26,Pallas,20.0,35.0,18.0,12.0,13.0,2.0,
2024-11-11,Leger,21.0,35.0,17.0,13.0,11.0,3.0,
2024-10-06,Leger,24.0,32.0,17.0,14.0,12.0,1.0,
2024-09-26,Pallas,22.0,34.0,18.0,12.0,14.0,,
2024-09-03,Pallas,23.0,31.0,17.0,13.0,14.0,1.0,
2024-08-25,Leger,24.0,29.0,16.0,15.0,13.0,3.0,
2024-06-08,Pallas,22.0,33.0,17.0,16.0,11.0,1.0,
2024-06-03,Leger,25.0,32.0,15.0,14.0,10.0,3.0,
2024-05-13,Leger,22.0,32.0,17.0,12.0,12.0,5.0,
2024-04-21,Pallas,20.0,33.0,23.0,13.0,11.0,,
2024-04-21,Leger,24.0,34.0,15.0,14.0,10.0,3.0,
2024-03-18,Leger,22.0,34.0,14.0,18.0,10.0,2.0,
2024-02-24,Pallas,23.0,31.0,15.0,17.0,13.0,2.0,
2024-02-05,Leger,25.0,32.0,15.0,16.0,11.0,1.0,
2024-01-24,Pallas,21.0,32.0,15.0,17.0,12.0,3.0,
2023-12-04,Leger,25.0,31.0,14.0,17.0,11.0,2.0,
2023-11-18,Pallas,24.0,30.0,16.0,16.0,11.0,3.0,
2023-10-30,Leger,30.0,26.0,15.0,15.0,12.0,2.0,
2023-09-27,Pallas,34.0,19.0,15.0,15.0,15.0,2.0,
2023-09-25,Leger,34.0,22.0,14.0,17.0,12.0,1.0,
2023-08-21,Leger,37.0,22.0,12.0,15.0,11.0,3.0,
2023-06-12,Leger,37.0,23.0,13.0,16.0,9.0,2.0,
2023-06-03,Angus Reid,33.0,22.0,13.0,17.0,12.0,3.0,
2023-04-30,Leger,36.0,22.0,14.0,16.0,10.0,2.0,
2023-02-26,Leger,40.0,18.0,14.0,17.0,9.0,2.0,
2022-12-10,Leger,41.0,18.0,14.0,14.0,10.0,3.0,
2022-11-06,Leger,36.0,18.0,14.0,19.0,11.0,2.0,
