date,firm,region,CAQ,PQ,PLQ,QS,PCQ,OTH,sample_size
2026-09-13,ResearchCo,FR,29.0,33.0,13.0,9.0,15.0,1.0,682
2026-09-13,ResearchCo,NONFR,9.0,12.0,42.0,14.0,21.0,2.0,152
2026-09-13,Synopsis,FR,27.0,34.0,14.0,12.0,13.0,1.0,682
2026-09-13,Synopsis,NONFR,12.0,9.0,51.0,10.0,15.0,3.0,152
2026-09-13,Léger,FR,25.0,35.0,10.0,12.0,17.0,1.0,682
2026-09-13,Léger,NONFR,9.0,6.0,61.0,4.0,17.0,2.0,152
2026-09-06,Léger,FR,26.0,35.0,12.0,11.0,15.0,1.0,682
2026-09-06,Léger,NONFR,11.0,9.0,55.0,9.0,15.0,1.0,152
2026-08-31,Léger,FR,27.0,35.0,10.0,10.0,16.0,0.0,682
2026-08-31,Léger,NONFR,14.0,9.0,57.0,7.0,12.0,1.0,152
2026-08-24,Léger,FR,26.0,38.0,14.0,6.0,15.0,1.0,682
2026-08-24,Léger,NONFR,12.0,8.0,50.0,9.0,20.0,1.0,152
2026-08-09,Léger,FR,25.0,36.0,13.0,11.0,14.0,2.0,669
2026-08-09,Léger,NONFR,7.0,11.0,55.0,9.0,11.0,4.0,149
2026-08-02,Pallas,FR,19.0,34.0,19.0,12.0,16.0,0.0,988
2026-08-02,Pallas,NONFR,18.0,19.0,52.0,3.0,7.0,7.0,133
2026-06-15,Léger,FR,23.0,35.0,20.0,8.0,14.0,1.0,714
2026-06-15,Léger,NONFR,13.0,12.0,53.0,8.0,10.0,5.0,118
2026-06-12,Pallas,FR,25.0,34.0,15.0,11.0,14.0,1.0,957
2026-06-12,Pallas,NONFR,5.0,12.0,55.0,12.0,13.0,3.0,142
2026-05-18,Léger,FR,26.0,37.0,17.0,9.0,11.0,1.0,676
2026-05-18,Léger,NONFR,12.0,12.0,59.0,6.0,11.0,1.0,163
2026-05-09,Pallas,FR,22.0,35.0,20.0,9.0,13.0,1.0,1026
2026-05-09,Pallas,NONFR,10.0,8.0,56.0,5.0,18.0,3.0,150
2026-04-20,Léger,FR,21.0,38.0,19.0,9.0,12.0,1.0,685
2026-04-20,Léger,NONFR,5.0,11.0,57.0,6.0,18.0,2.0,157
2026-04-14,Pallas,FR,18.0,34.0,21.0,13.0,13.0,1.0,840
2026-04-14,Pallas,NONFR,4.0,13.0,64.0,4.0,15.0,0.0,116
2026-04-06,Léger,FR,15.0,39.0,22.0,9.0,12.0,2.0,701
2026-04-06,Léger,NONFR,4.0,11.0,65.0,4.0,13.0,3.0,157
2026-03-22,Léger,FR,11.0,41.0,23.0,10.0,14.0,1.0,674
2026-03-22,Léger,NONFR,3.0,10.0,61.0,7.0,18.0,1.0,129
2026-03-03,Léger,FR,17.0,39.0,19.0,10.0,15.0,1.0,674
2026-03-03,Léger,NONFR,6.0,6.0,65.0,7.0,16.0,3.0,129
2026-02-22,Pallas,FR,16.0,37.0,18.0,12.0,15.0,2.0,957
2026-02-22,Pallas,NONFR,8.0,6.0,57.0,4.0,22.0,3.0,118
2025-11-25,Pallas,FR,14.0,44.0,15.0,11.0,15.0,2.0,978
2025-11-25,Pallas,NONFR,7.0,6.0,60.0,5.0,14.0,9.0,124
2025-09-15,Léger,FR,19.0,46.0,15.0,9.0,15.0,1.0,678
2025-09-15,Léger,NONFR,6.0,12.0,65.0,1.0,11.0,4.0,118
2025-06-22,Léger,FR,20.0,38.0,18.0,9.0,14.0,2.0,750
2025-06-22,Léger,NONFR,8.0,7.0,58.0,9.0,15.0,3.0,141
2025-03-10,Léger,FR,25.0,37.0,10.0,13.0,12.0,2.0,720
2025-03-10,Léger,NONFR,22.0,8.0,49.0,8.0,11.0,1.0,141
2024-12-02,Léger,FR,25.0,40.0,7.0,14.0,12.0,2.0,678
2024-12-02,Léger,NONFR,18.0,4.0,45.0,8.0,17.0,9.0,118
2024-11-26,Pallas,FR,23.0,42.0,9.0,13.0,11.0,1.0,966
2024-11-26,Pallas,NONFR,11.0,14.0,48.0,8.0,18.0,2.0,133
2024-11-11,Léger,FR,24.0,44.0,5.0,15.0,11.0,1.0,704
2024-11-11,Léger,NONFR,13.0,8.0,54.0,6.0,13.0,7.0,125
2024-10-06,Léger,FR,29.0,38.0,7.0,15.0,10.0,1.0,665
2024-10-06,Léger,NONFR,9.0,12.0,50.0,9.0,19.0,1.0,153
2024-08-25,Léger,FR,28.0,37.0,7.0,16.0,11.0,1.0,722
2024-08-25,Léger,NONFR,14.0,6.0,44.0,11.0,19.0,6.0,141
2024-06-03,Léger,FR,29.0,40.0,6.0,16.0,8.0,2.0,672
2024-06-03,Léger,NONFR,12.0,7.0,46.0,9.0,18.0,8.0,143
2024-05-13,Léger,FR,26.0,40.0,6.0,15.0,11.0,2.0,687
2024-05-13,Léger,NONFR,9.0,9.0,51.0,5.0,15.0,12.0,132
2024-04-21,Léger,FR,27.0,42.0,6.0,15.0,8.0,2.0,683
2024-04-21,Léger,NONFR,12.0,9.0,43.0,14.0,17.0,5.0,166
2024-03-18,Léger,FR,25.0,42.0,4.0,20.0,7.0,2.0,709
2024-03-18,Léger,NONFR,10.0,7.0,51.0,13.0,18.0,2.0,127
2024-02-05,Léger,FR,28.0,38.0,7.0,17.0,10.0,1.0,723
2024-02-05,Léger,NONFR,14.0,10.0,47.0,12.0,14.0,3.0,148
2023-12-04,Léger,FR,31.0,37.0,5.0,18.0,9.0,1.0,680
2023-12-04,Léger,NONFR,7.0,9.0,44.0,14.0,21.0,5.0,170
2023-10-30,Léger,FR,35.0,31.0,6.0,17.0,9.0,2.0,676
2023-10-30,Léger,NONFR,14.0,7.0,46.0,6.0,20.0,6.0,174
2023-09-25,Léger,FR,39.0,27.0,5.0,20.0,7.0,1.0,669
2023-09-25,Léger,NONFR,19.0,6.0,39.0,7.0,26.0,3.0,163
2023-08-21,Léger,FR,42.0,27.0,5.0,16.0,8.0,2.0,
2023-08-21,Léger,NONFR,19.0,5.0,40.0,9.0,20.0,7.0,
2023-06-12,Léger,FR,41.0,29.0,4.0,17.0,8.0,1.0,685
2023-06-12,Léger,NONFR,23.0,4.0,44.0,13.0,12.0,4.0,185
2023-05-01,Léger,FR,42.0,26.0,5.0,17.0,9.0,1.0,816
2023-05-01,Léger,NONFR,18.0,7.0,42.0,12.0,15.0,7.0,165
2023-02-26,Léger,FR,46.0,23.0,4.0,19.0,8.0,1.0,707
2023-02-26,Léger,NONFR,20.0,2.0,46.0,12.0,14.0,6.0,174
2022-12-10,Léger,FR,48.0,22.0,6.0,14.0,8.0,2.0,705
2022-12-10,Léger,NONFR,21.0,5.0,41.0,12.0,14.0,7.0,182
2022-11-06,Léger,FR,41.0,22.0,5.0,20.0,10.0,2.0,709
2022-11-06,Léger,NONFR,15.0,4.0,46.0,14.0,13.0,8.0,180
