riding_code,riding_name,province,projected_winner,Share_CAQ,Share_PQ,Share_PLQ,Share_QS,Share_PCQ,Share_OTH
001,Abitibi-Est,Quebec,PLQ,25.1,23.2,30.0,7.9,13.8,0.0
002,Abitibi-Ouest,Quebec,PQ,25.3,39.5,12.5,9.4,12.3,0.9
003,Acadie,Quebec,PLQ,10.4,21.5,43.5,12.0,11.1,1.5
004,Anjou–Louis-Riel,Quebec,PLQ,21.1,23.1,37.3,9.9,7.8,0.8
005,Argenteuil,Quebec,PQ,25.3,31.9,16.2,6.7,17.0,2.8
006,Arthabaska-L’Érable,Quebec,PCQ,30.9,21.0,9.4,5.9,32.0,0.8
007,Beauce-Nord,Quebec,PCQ,24.7,11.9,7.1,2.8,52.9,0.6
008,Beauce-Sud,Quebec,PCQ,26.0,8.3,7.2,2.7,54.7,1.1
009,Beauharnois,Quebec,PQ,31.3,34.7,12.7,8.1,11.8,1.4
010,Bellechasse,Quebec,PCQ,25.7,17.4,10.2,3.6,43.0,0.0
011,Bellefeuille,Quebec,PQ,27.1,33.9,14.8,8.3,14.2,1.7
012,Berthier,Quebec,PQ,29.3,42.0,5.6,8.7,13.7,0.7
013,Bertrand,Quebec,PQ,25.0,39.9,11.7,9.6,11.5,2.3
014,Blainville,Quebec,PQ,28.7,31.4,18.8,8.9,11.8,0.3
015,Bonaventure,Quebec,PQ,22.0,52.2,13.7,5.8,5.7,0.6
016,Borduas,Quebec,PQ,29.3,39.0,11.4,9.3,9.3,1.6
017,Bourassa-Sauvé,Quebec,PLQ,14.9,18.4,45.5,10.5,9.3,1.3
018,Brome-Missisquoi,Quebec,CAQ,27.6,25.2,19.8,10.5,13.4,3.4
019,Camille-Laurin,Quebec,PQ,13.5,61.6,17.3,0.0,5.5,2.2
020,Chambly,Quebec,PQ,27.7,35.9,15.0,10.2,10.1,1.2
021,Champlain,Quebec,CAQ,33.0,25.0,13.0,5.7,22.6,0.7
022,Chapleau,Quebec,CAQ,32.3,21.0,23.8,9.0,12.8,1.1
023,Charlesbourg,Quebec,PQ,25.3,28.0,12.6,7.9,24.6,1.6
024,Charlevoix–Côte-de-Beaupré,Quebec,PQ,26.8,31.7,11.6,7.5,22.0,0.4
025,Châteauguay,Quebec,PLQ,22.9,24.4,31.9,8.4,11.2,1.2
026,Chauveau,Quebec,PCQ,27.5,15.8,9.2,5.6,40.5,1.4
027,Chicoutimi,Quebec,CAQ,39.7,31.9,8.4,8.2,11.8,0.0
028,Chomedey,Quebec,PLQ,16.9,16.5,39.2,5.8,20.1,1.4
029,Chutes-de-la-Chaudière,Quebec,PCQ,26.9,22.1,12.0,5.6,33.4,0.0
030,Côte-du-Sud,Quebec,PCQ,25.9,24.4,15.7,5.4,27.8,0.7
031,Daniel-Johnson,Quebec,CAQ,31.6,30.4,8.5,8.9,19.7,0.9
032,D'Arcy-McGee,Quebec,PLQ,4.0,6.3,53.2,6.8,21.6,8.1
033,Deux-Montagnes,Quebec,PQ,26.8,34.3,17.0,8.8,11.6,1.5
034,Drummond–Bois-Francs,Quebec,PQ,29.8,30.6,9.5,6.6,21.8,1.6
035,Dubuc,Quebec,PQ,34.2,36.7,6.8,6.7,14.4,1.1
036,Duplessis,Quebec,PQ,24.2,46.5,5.8,5.5,17.1,0.9
037,Fabre,Quebec,PLQ,19.0,20.7,35.7,7.6,16.0,0.9
038,Gaspé,Quebec,PQ,18.9,60.1,11.4,4.4,5.2,0.0
039,Gatineau,Quebec,PLQ,27.7,20.2,30.2,7.9,12.9,1.1
040,Gouin,Quebec,QS,7.9,30.3,14.0,40.8,4.0,3.1
041,Granby,Quebec,CAQ,37.2,26.6,11.3,9.9,13.9,1.1
042,Groulx,Quebec,PQ,28.3,31.8,17.8,10.6,10.5,1.0
043,Hochelaga-Maisonneuve,Quebec,PQ,11.5,34.1,13.0,33.6,5.8,2.0
044,Hull,Quebec,PLQ,20.7,20.5,35.3,13.8,7.9,1.8
045,Huntingdon,Quebec,CAQ,26.9,24.3,23.6,7.1,15.9,2.3
046,Iberville,Quebec,PQ,31.2,31.5,13.0,8.7,14.4,1.2
047,Îles-de-la-Madeleine,Quebec,PQ,16.7,68.1,11.8,2.4,1.0,0.0
048,Jacques-Cartier,Quebec,PLQ,6.3,7.5,64.2,3.9,11.0,7.1
049,Jean-Lesage,Quebec,QS,19.7,24.5,9.7,25.5,19.0,1.7
050,Jean-Talon,Quebec,PQ,17.4,35.1,21.0,13.9,11.5,1.1
051,Jeanne-Mance–Viger,Quebec,PLQ,10.7,9.8,57.5,7.9,11.8,2.3
052,Joliette,Quebec,PQ,22.9,55.0,6.2,6.1,9.7,0.0
053,Jonquière,Quebec,PQ,35.1,40.1,5.7,5.7,12.4,0.9
054,La Peltrie,Quebec,PCQ,24.9,19.6,12.4,5.4,36.2,1.5
055,La Pinière,Quebec,PLQ,19.5,17.5,43.3,7.3,10.7,1.7
056,La Prairie,Quebec,CAQ,32.7,24.9,22.5,9.0,10.0,1.0
057,Labelle,Quebec,PQ,30.1,38.1,11.3,7.5,11.8,1.2
058,Lac-Saint-Jean,Quebec,PQ,26.9,47.1,7.4,4.2,13.1,1.3
059,LaFontaine,Quebec,PLQ,12.3,11.2,56.0,6.3,13.4,0.9
060,L'Assomption,Quebec,CAQ,36.6,30.2,13.4,9.6,10.3,0.0
061,Laurier-Dorion,Quebec,QS,7.6,23.4,24.2,35.2,6.3,3.3
062,Laval-des-Rapides,Quebec,PLQ,18.2,26.0,34.9,10.8,9.2,0.9
063,Laviolette–Saint-Maurice,Quebec,PQ,29.6,32.2,10.6,5.9,20.6,1.2
064,Les Plaines,Quebec,PQ,29.2,32.8,13.6,8.4,14.9,1.1
065,Lévis,Quebec,CAQ,28.0,26.0,12.0,7.1,25.8,1.2
066,Lotbinière-Frontenac,Quebec,PCQ,24.2,17.2,14.3,5.6,38.8,0.0
067,Louis-Hébert,Quebec,PQ,25.7,31.6,17.5,7.1,17.1,1.0
068,Marguerite-Bourgeoys,Quebec,PLQ,14.7,16.0,47.9,7.6,11.2,2.8
069,Marie-Lacoste-Gérin-Lajoie,Quebec,PQ,29.4,31.2,9.2,7.1,22.3,0.9
070,Marie-Victorin,Quebec,PQ,17.5,45.9,13.9,13.2,7.5,2.0
071,Marquette,Quebec,PLQ,13.0,17.1,50.8,7.7,9.3,2.1
072,Maskinongé,Quebec,CAQ,30.7,28.5,12.7,6.1,20.1,1.8
073,Masson,Quebec,PQ,29.5,36.6,14.6,8.1,10.2,1.0
074,Matane-Matapédia-Mitis,Quebec,PQ,6.1,82.3,3.5,1.8,6.0,0.4
075,Maurice-Richard,Quebec,PQ,16.2,30.8,23.4,23.0,4.8,1.8
076,Mégantic,Quebec,PCQ,26.4,25.6,12.4,7.9,27.4,0.4
077,Mercier,Quebec,QS,6.3,31.0,19.3,36.0,4.5,2.9
078,Mille-Îles,Quebec,PLQ,17.3,23.7,38.9,8.1,11.1,0.9
079,Mirabel,Quebec,PQ,29.0,34.1,13.2,9.1,14.1,0.6
080,Mont-Royal–Outremont,Quebec,PLQ,9.3,23.8,41.7,13.6,8.4,3.2
081,Montarville,Quebec,PQ,25.2,36.0,21.4,9.7,5.9,1.8
082,Montmorency,Quebec,PCQ,25.8,22.6,10.9,7.4,32.2,1.0
083,Nelligan,Quebec,PLQ,10.9,10.0,54.6,4.1,15.1,5.3
084,Nicolet-Bécancour,Quebec,PQ,25.3,32.4,11.2,5.1,26.1,0.0
085,Notre-Dame-de-Grâce,Quebec,PLQ,4.9,12.4,52.8,11.9,8.2,9.9
086,Orford,Quebec,PQ,24.2,26.8,24.9,9.9,12.7,1.4
087,Papineau,Quebec,CAQ,32.2,21.9,17.7,9.1,17.3,1.7
088,Pierre-Laporte,Quebec,PLQ,17.6,24.5,36.0,11.4,8.0,2.5
089,Pointe-aux-Trembles,Quebec,PQ,25.6,38.9,16.7,9.4,7.9,1.6
090,Pontiac,Quebec,PLQ,14.4,13.6,50.8,6.8,11.5,2.8
091,Portneuf,Quebec,PCQ,27.4,20.1,7.2,5.1,37.5,2.7
092,Prévost,Quebec,PQ,25.5,37.8,12.3,9.0,13.9,1.6
093,René-Lévesque,Quebec,PQ,34.6,43.6,3.5,4.8,12.8,0.8
094,Repentigny,Quebec,PQ,29.8,35.4,18.2,7.9,7.7,0.9
095,Richelieu,Quebec,PQ,31.6,40.3,10.0,6.1,10.9,1.1
096,Richmond,Quebec,CAQ,28.2,27.0,12.2,12.9,19.1,0.6
097,Rimouski,Quebec,PQ,22.0,52.9,7.1,12.0,5.5,0.6
098,Rivière-du-Loup–Témiscouata–Les Basques,Quebec,PQ,30.0,35.6,10.5,9.0,14.3,0.7
099,Robert-Baldwin,Quebec,PLQ,6.6,6.6,59.5,4.0,15.7,7.6
100,Roberval,Quebec,PQ,30.7,39.4,11.5,4.0,13.7,0.8
101,Rosemont,Quebec,PQ,12.9,41.6,15.9,23.2,5.0,1.5
102,Rousseau,Quebec,PQ,29.0,36.0,8.2,8.1,18.7,0.0
103,Rouyn-Noranda–Témiscamingue,Quebec,CAQ,29.8,26.1,10.4,21.9,10.9,0.8
104,Saint-François,Quebec,CAQ,27.4,20.7,15.7,19.8,14.9,1.5
105,Saint-Henri–Sainte-Anne,Quebec,PLQ,10.7,17.7,42.8,19.0,6.9,2.9
106,Saint-Hyacinthe,Quebec,PQ,32.6,35.1,9.2,8.8,12.7,1.6
107,Saint-Jean,Quebec,PQ,28.7,38.2,12.7,9.0,10.3,1.2
108,Saint-Jérôme,Quebec,PQ,28.8,38.0,9.9,9.7,12.1,1.5
109,Saint-Laurent,Quebec,PLQ,9.0,13.6,52.0,7.3,13.7,4.3
110,Sainte-Marie–Saint-Jacques,Quebec,QS,8.6,31.1,20.8,31.8,5.7,2.1
111,Sainte-Rose,Quebec,PLQ,22.5,25.4,31.1,9.4,10.4,1.2
112,Sanguinet,Quebec,PQ,28.1,32.9,16.7,8.3,12.6,1.4
113,Sherbrooke,Quebec,QS,24.1,21.8,12.1,30.9,9.6,1.4
114,Soulanges,Quebec,PLQ,25.3,21.4,29.9,7.2,14.3,1.7
115,Taillon,Quebec,PQ,23.1,39.6,17.3,11.6,7.3,1.1
116,Taschereau,Quebec,PQ,11.9,42.9,10.7,23.0,10.1,1.4
117,Terrebonne,Quebec,PQ,27.5,36.8,17.7,7.7,9.3,0.9
118,Trois-Rivières,Quebec,CAQ,30.4,30.1,12.3,10.5,15.8,0.8
119,Ungava,Quebec,PLQ,20.8,25.2,28.5,15.2,10.3,0.0
120,Vachon,Quebec,PQ,26.7,27.9,23.5,9.9,10.5,1.6
121,Vanier-Les Rivières,Quebec,CAQ,27.2,26.4,13.0,7.6,24.0,1.8
122,Vaudreuil,Quebec,PLQ,20.0,16.7,40.8,6.5,12.6,3.4
123,Verchères,Quebec,PQ,28.8,40.9,11.5,8.7,8.6,1.4
124,Verdun,Quebec,PLQ,14.2,18.2,37.5,21.3,6.1,2.7
125,Viau,Quebec,PLQ,9.5,17.0,43.4,21.7,6.5,1.9
126,Vimont-Auteuil,Quebec,PLQ,19.8,21.5,36.5,7.5,13.9,0.8
127,Westmount–Saint-Louis,Quebec,PLQ,6.5,14.4,52.0,9.7,9.1,8.3
