date,CAQ_mean,CAQ_low,CAQ_high,PQ_mean,PQ_low,PQ_high,PLQ_mean,PLQ_low,PLQ_high,QS_mean,QS_low,QS_high,PCQ_mean,PCQ_low,PCQ_high,OTH_mean,OTH_low,OTH_high
2026-06-21,11.3,0,38,63.1,39,79,38.0,33,44,4.6,0,10,10.0,3,16,0.0,0,0
2026-06-28,11.3,0,38,63.1,39,79,38.0,33,44,4.6,0,10,10.0,3,16,0.0,0,0
2026-07-05,11.3,0,38,63.1,39,79,38.0,33,44,4.6,0,10,10.0,3,16,0.0,0,0
2026-07-12,11.3,0,38,63.1,39,79,38.0,33,44,4.6,0,10,10.0,3,16,0.0,0,0
2026-07-19,11.3,0,38,63.1,39,79,38.0,33,44,4.6,0,10,10.0,3,16,0.0,0,0
2026-07-26,11.3,0,38,63.1,39,79,38.0,33,44,4.6,0,10,10.0,3,16,0.0,0,0
2026-08-02,4.8,0,17,68.2,55,80,37.9,34,43,3.9,0,9,12.2,8,17,0.0,0,0
2026-08-09,7.0,0,22,66.7,52,79,36.6,32,42,5.5,0,10,11.2,7,16,0.0,0,0
2026-08-16,7.1,0,22,66.2,52,79,36.9,33,42,5.0,0,10,11.8,7,17,0.0,0,0
2026-08-23,7.1,0,22,66.2,52,79,36.9,33,42,5.0,0,10,11.8,7,17,0.0,0,0
2026-08-30,19.6,1,55,57.8,27,77,34.2,28,39,4.4,0,10,11.0,4,17,0.0,0,0
2026-09-06,20.4,4,51,56.7,29,74,33.6,28,38,5.3,0,10,11.0,4,17,0.0,0,0
2026-09-13,20.4,4,51,56.7,29,74,33.6,28,38,5.3,0,10,11.0,4,17,0.0,0,0
2026-09-14,20.4,4,51,56.7,29,74,33.6,28,38,5.3,0,10,11.0,4,17,0.0,0,0
